{"cameraMode":{"drawMode":0,"name":"Shaded","section":"Shading Mode"},"sceneLighting":true,"audioPlay":false,"sceneViewState":{"showFog":true,"showMaterialUpdate":false,"showSkybox":true,"showFlares":true,"showImageEffects":true,"showParticleSystems":true},"in2DMode":false,"pivot":{"x":-24.814023971557618,"y":-1.1749839782714844,"z":48.68153762817383},"rotation":{"x":-0.12379402667284012,"y":0.1060747355222702,"z":-0.013198464177548886,"w":-0.9866018891334534},"size":29.619407653808595,"orthographic":false}