{"cameraMode":{"drawMode":0,"name":"Shaded","section":"Shading Mode"},"sceneLighting":true,"audioPlay":false,"sceneViewState":{"showFog":true,"showMaterialUpdate":false,"showSkybox":true,"showFlares":true,"showImageEffects":true,"showParticleSystems":true},"in2DMode":false,"pivot":{"x":2.343327522277832,"y":7.277961254119873,"z":18.291059494018556},"rotation":{"x":-0.13775557279586793,"y":-0.04099513217806816,"z":0.005742496810853481,"w":-0.9896429777145386},"size":45.09416580200195,"orthographic":false}