{"cameraMode":{"drawMode":0,"name":"Shaded","section":"Shading Mode"},"sceneLighting":true,"audioPlay":false,"sceneViewState":{"showFog":true,"showMaterialUpdate":false,"showSkybox":true,"showFlares":true,"showImageEffects":true,"showParticleSystems":true},"in2DMode":false,"pivot":{"x":5.33476448059082,"y":-13.686481475830079,"z":-8.213642120361329},"rotation":{"x":-0.3212185800075531,"y":-0.5037922859191895,"z":0.20905686914920808,"w":-0.7741814851760864},"size":28.166728973388673,"orthographic":false}