{"cameraMode":{"drawMode":0,"name":"Shaded","section":"Shading Mode"},"sceneLighting":true,"audioPlay":false,"sceneViewState":{"showFog":true,"showMaterialUpdate":false,"showSkybox":true,"showFlares":true,"showImageEffects":true,"showParticleSystems":true},"in2DMode":false,"pivot":{"x":-2.473133087158203,"y":6.706518173217773,"z":27.069156646728517},"rotation":{"x":-0.0793355405330658,"y":0.103606678545475,"z":-0.007962721399962902,"w":-0.9915125966072083},"size":32.43539810180664,"orthographic":false}